{
    "batchName": "",
    "batchTime": 1661230435,
    "boardConf": "nIR-C00M00-00",
    "boardCustom": "",
    "boardName": "DM9098",
    "boardOptions": 4,
    "boardRev": "R6M2E6",
    "cameraData": [
        [
            2,
            {
                "cameraType": 0,
                "distortionCoeff": [
                    -8.26738452911377,
                    76.22952270507813,
                    0.0030772723257541656,
                    0.0007752112578600645,
                    -45.7986946105957,
                    -8.31797981262207,
                    75.9485092163086,
                    -44.45697021484375,
                    0.0,
                    0.0,
                    0.0,
                    0.0,
                    0.0,
                    0.0
                ],
                "extrinsics": {
                    "rotationMatrix": [
                        [
                            0.999954104423523,
                            0.008042990230023861,
                            -0.005207592621445656
                        ],
                        [
                            -0.008074850775301456,
                            0.9999486207962036,
                            -0.006126233376562595
                        ],
                        [
                            0.00515805184841156,
                            0.006168002728372812,
                            0.9999676942825317
                        ]
                    ],
                    "specTranslation": {
                        "x": 3.75,
                        "y": 0.0,
                        "z": 0.0
                    },
                    "toCameraSocket": 0,
                    "translation": {
                        "x": 3.7789504528045654,
                        "y": -0.03731866180896759,
                        "z": -0.1557786762714386
                    }
                },
                "height": 800,
                "intrinsicMatrix": [
                    [
                        798.9534912109375,
                        0.0,
                        607.948486328125
                    ],
                    [
                        0.0,
                        798.9534912109375,
                        371.3116149902344
                    ],
                    [
                        0.0,
                        0.0,
                        1.0
                    ]
                ],
                "lensPosition": 0,
                "specHfovDeg": 71.86000061035156,
                "width": 1280
            }
        ],
        [
            1,
            {
                "cameraType": 0,
                "distortionCoeff": [
                    -9.049858093261719,
                    86.63890838623047,
                    0.0008891293546184897,
                    0.0007972149178385735,
                    -19.350984573364258,
                    -9.081456184387207,
                    85.96934509277344,
                    -17.258333206176758,
                    0.0,
                    0.0,
                    0.0,
                    0.0,
                    0.0,
                    0.0
                ],
                "extrinsics": {
                    "rotationMatrix": [
                        [
                            0.9999916553497314,
                            0.004083061590790749,
                            0.00018149515381082892
                        ],
                        [
                            -0.004083904903382063,
                            0.999979555606842,
                            0.00491825956851244
                        ],
                        [
                            -0.0001614098873687908,
                            -0.004918959457427263,
                            0.9999879002571106
                        ]
                    ],
                    "specTranslation": {
                        "x": -7.5,
                        "y": 0.0,
                        "z": 0.0
                    },
                    "toCameraSocket": 2,
                    "translation": {
                        "x": -7.484138011932373,
                        "y": 0.045561790466308594,
                        "z": 0.02001921832561493
                    }
                },
                "height": 800,
                "intrinsicMatrix": [
                    [
                        794.5697631835938,
                        0.0,
                        653.6582641601563
                    ],
                    [
                        0.0,
                        794.5697631835938,
                        405.7890625
                    ],
                    [
                        0.0,
                        0.0,
                        1.0
                    ]
                ],
                "lensPosition": 0,
                "specHfovDeg": 71.86000061035156,
                "width": 1280
            }
        ],
        [
            0,
            {
                "cameraType": 0,
                "distortionCoeff": [
                    39.90554428100586,
                    -256.243896484375,
                    0.0014966302551329136,
                    0.00203240429982543,
                    582.3397216796875,
                    39.31596755981445,
                    -253.49212646484375,
                    576.3964233398438,
                    0.0,
                    0.0,
                    0.0,
                    0.0,
                    0.0,
                    0.0
                ],
                "extrinsics": {
                    "rotationMatrix": [
                        [
                            0.0,
                            0.0,
                            0.0
                        ],
                        [
                            0.0,
                            0.0,
                            0.0
                        ],
                        [
                            0.0,
                            0.0,
                            0.0
                        ]
                    ],
                    "specTranslation": {
                        "x": -0.0,
                        "y": -0.0,
                        "z": -0.0
                    },
                    "toCameraSocket": -1,
                    "translation": {
                        "x": 0.0,
                        "y": 0.0,
                        "z": 0.0
                    }
                },
                "height": 2160,
                "intrinsicMatrix": [
                    [
                        3050.27978515625,
                        0.0,
                        1993.59228515625
                    ],
                    [
                        0.0,
                        3050.27978515625,
                        1087.78369140625
                    ],
                    [
                        0.0,
                        0.0,
                        1.0
                    ]
                ],
                "lensPosition": 0,
                "specHfovDeg": 68.7938003540039,
                "width": 3840
            }
        ]
    ],
    "deviceName": "",
    "hardwareConf": "F1-FV00-BC001",
    "housingExtrinsics": {
        "rotationMatrix": [],
        "specTranslation": {
            "x": 0.0,
            "y": 0.0,
            "z": 0.0
        },
        "toCameraSocket": -1,
        "translation": {
            "x": 0.0,
            "y": 0.0,
            "z": 0.0
        }
    },
    "imuExtrinsics": {
        "rotationMatrix": [
            [
                0.0,
                0.0,
                0.0
            ],
            [
                0.0,
                0.0,
                0.0
            ],
            [
                0.0,
                0.0,
                0.0
            ]
        ],
        "specTranslation": {
            "x": 0.0,
            "y": 0.0,